Comment,ClusterName,Signal,id,relevant,sentiment,favorite,tags
none,off-topic,0.0479100306,0,true,Positive,"",""
color,off-topic,0.0040295555,1,true,Negative,"",""
nothing,"nothing, absolutely, new, like",0.1889822365,2,true,Positive,"",""
same,off-topic,0.0,3,true,Negative,"",""
I just use salt water,"water, salt, just, sore",0.0825184221,4,true,Negative,"",""
it is kind of cheesy,off-topic,0.2155183914,5,true,Negative,"",""
nothing,"nothing, absolutely, new, like",0.1889822365,6,true,Positive,"",""
nothing,"nothing, absolutely, new, like",0.1889822365,7,true,Positive,"",""
saltwater remedy,off-topic,0.0987953899,8,true,Negative,"",""
don't know,"know, everything, anything, dont",0.1644828487,9,true,Neutral,"",""
don't know,"know, everything, anything, dont",0.1644828487,10,true,Neutral,"",""
you could use salt water,"water, salt, just, sore",0.0639184949,11,true,Negative,"",""
too much trouble to use when a cough drop or throat logenze would be easier to use,off-topic,0.3878998573,12,true,Negative,"",""
fizzy,off-topic,0.0830967305,13,true,Negative,"",""
product in search of a use,off-topic,0.0976226679,14,true,Negative,"",""
It's simple solution that I've been using for 70 years in it's simplest form  - a box of salt.,off-topic,0.2659837758,15,true,Negative,"",""
na,off-topic,0.0261857653,16,true,Positive,"",""
minty taste,off-topic,0.107314369,17,true,Negative,"",""
Price,"price, high, lots, market",0.0646479107,18,true,Negative,"",""
"honey, zinc",off-topic,0.0680090797,19,true,Negative,"",""
Boring,off-topic,0.1320117688,20,true,Negative,"",""
nothing,"nothing, absolutely, new, like",0.1889822365,21,true,Positive,"",""
ditto,off-topic,0.0290906463,22,true,Negative,"",""
nothing,"nothing, absolutely, new, like",0.1889822365,23,true,Positive,"",""
unsure,off-topic,0.1259780337,24,true,Neutral,"",""
nothing,"nothing, absolutely, new, like",0.1889822365,25,true,Positive,"",""
anyone can come up with something to gargle from around the house when you have a sore throat,off-topic,0.5529076455,26,true,Negative,"",""
nothing,"nothing, absolutely, new, like",0.1889822365,27,true,Positive,"",""
all of it,off-topic,0.0,28,true,Negative,"",""
nothing,"nothing, absolutely, new, like",0.1889822365,29,true,Positive,"",""
nothing,"nothing, absolutely, new, like",0.1889822365,30,true,Positive,"",""
tablet packaged in a tube,off-topic,0.0541871593,31,true,Negative,"",""
the ucky green color on the package suggests infected mucous,off-topic,0.0301397916,32,true,Negative,"",""
Nothing,"nothing, absolutely, new, like",0.1889822365,33,true,Positive,"",""
You can use salt water so this is just an alternative.,"know, everything, anything, dont",0.3298868478,34,true,Negative,"",""
Nothing,"nothing, absolutely, new, like",0.1889822365,35,true,Positive,"",""
nothing,"nothing, absolutely, new, like",0.1889822365,36,true,Positive,"",""
nothing,"nothing, absolutely, new, like",0.1889822365,37,true,Positive,"",""
the active ingredients - they've been used for centuries,off-topic,0.0600700951,38,true,Negative,"",""
nothing,"nothing, absolutely, new, like",0.1889822365,39,true,Positive,"",""
nothing sounds like something I would buy,off-topic,0.4095667907,40,true,Positive,"",""
packing,off-topic,0.0645166841,41,true,Negative,"",""
tablet,off-topic,0.0408597285,42,true,Negative,"",""
zzzzzzzzzzzzzzzzzzzzz,off-topic,0.0,43,true,Negative,"",""
Nothing,"nothing, absolutely, new, like",0.1889822365,44,true,Positive,"",""
Gargling is a very old-fashioned treatment.,off-topic,0.0168452779,45,true,Negative,"",""
"Unless you're in a hurry, you could easily make a better solution yourself for less money.",off-topic,0.4088250968,46,true,Negative,"",""
nothing,"nothing, absolutely, new, like",0.1889822365,47,true,Positive,"",""
nothing,"nothing, absolutely, new, like",0.1889822365,48,true,Positive,"",""
none,off-topic,0.0479100306,49,true,Positive,"",""
the ingredients sound interesting.,off-topic,0.0864129103,50,true,Negative,"",""
The packaging.,off-topic,0.0614121905,51,true,Negative,"",""
can do the same thing yourself,"know, everything, anything, dont",0.2332058071,52,true,Negative,"",""
The price,"price, high, lots, market",0.0914259521,53,true,Negative,"",""
Nothing.,"nothing, absolutely, new, like",0.1889822365,54,true,Positive,"",""
"Nothing, price is too high.","price, high, lots, market",0.1644699251,55,true,Negative,"",""
na,off-topic,0.0261857653,56,true,Positive,"",""
none,off-topic,0.0479100306,57,true,Positive,"",""
nothing..,"nothing, absolutely, new, like",0.1889822365,58,true,Positive,"",""
nothing,"nothing, absolutely, new, like",0.1889822365,59,true,Positive,"",""
nothing,"nothing, absolutely, new, like",0.1889822365,60,true,Positive,"",""
price,"price, high, lots, market",0.0646479107,61,true,Negative,"",""
Let dissolve and gargle away the irritation,"know, everything, anything, dont",0.3416761676,62,true,Negative,"",""
none,off-topic,0.0479100306,63,true,Positive,"",""
the color,off-topic,0.0040295555,64,true,Negative,"",""
the packaging,off-topic,0.0434249764,65,true,Negative,"",""
Package is not inviting,off-topic,0.0493554209,66,true,Negative,"",""
"Gargling is ""old school""",off-topic,0.0,67,true,Negative,"",""
nothing,"nothing, absolutely, new, like",0.1889822365,68,true,Positive,"",""
nothihg,off-topic,0.0,69,true,Positive,"",""
nothing,"nothing, absolutely, new, like",0.1889822365,70,true,Positive,"",""
I don't get many sore throats so it isn't very appealing to me.,off-topic,0.4037343439,71,true,Negative,"",""
who cares,off-topic,0.1424894962,72,true,Negative,"",""
still just salt water,"water, salt, just, sore",0.0738067205,73,true,Negative,"",""
waste of money,"price, high, lots, market",0.1373553137,74,true,Negative,"",""
EVERYTHING,"know, everything, anything, dont",0.1792317204,75,true,Negative,"",""
The name,off-topic,0.0,76,true,Negative,"",""
na,off-topic,0.0261857653,77,true,Positive,"",""
tablet style product,off-topic,0.0523273242,78,true,Negative,"",""
do not know,"know, everything, anything, dont",0.1644828487,79,true,Neutral,"",""
The name isnt very appealing,off-topic,0.2467607536,80,true,Negative,"",""
Gargling is an old concept but the added ingredients make it different.,off-topic,0.2828423867,81,true,Mixed,"",""
Gargles are nothing new.,"nothing, absolutely, new, like",0.3273268354,82,true,Negative,"",""
price,"price, high, lots, market",0.0646479107,83,true,Negative,"",""
nothing,"nothing, absolutely, new, like",0.1889822365,84,true,Positive,"",""
gargle away irritation,off-topic,0.1864493214,85,true,Negative,"",""
nothing,"nothing, absolutely, new, like",0.1889822365,86,true,Positive,"",""
N/A,off-topic,0.0,87,true,Positive,"",""
There are many ways to soothe a sore throat and this way looks somewhat unpleasant.,off-topic,0.3797510694,88,true,Negative,"",""
"I gargle often , new method of gargling to me.",off-topic,0.1817103516,89,true,Positive,"",""
have to wait for it to disolve,"know, everything, anything, dont",0.2296445198,90,true,Negative,"",""
nothing,"nothing, absolutely, new, like",0.1889822365,91,true,Positive,"",""
"""Updated by a nurse?""  What does that mean?",off-topic,0.122365847,92,true,Negative,"",""
Nothing,"nothing, absolutely, new, like",0.1889822365,93,true,Positive,"",""
that you have to gargle,off-topic,0.0,94,true,Negative,"",""
It is a gargle product,off-topic,0.0741273007,95,true,Negative,"",""
who gargles anymore?,"know, everything, anything, dont",0.202202411,96,true,Negative,"",""
price,"price, high, lots, market",0.0646479107,97,true,Negative,"",""
idea of gargling for a sore throat,off-topic,0.2444042903,98,true,Negative,"",""
using salt water to gargle with,"water, salt, just, sore",0.1030557221,99,true,Negative,"",""
Nothing,"nothing, absolutely, new, like",0.1889822365,100,true,Positive,"",""
It's an expensive way around doing this yourself...,off-topic,0.1356853331,101,true,Negative,"",""
It is a just a different take on sucking on a lozenge for a sore throat.,off-topic,0.4050443882,102,true,Negative,"",""
none,off-topic,0.0479100306,103,true,Positive,"",""
nothing,"nothing, absolutely, new, like",0.1889822365,104,true,Positive,"",""
The price!,"price, high, lots, market",0.0914259521,105,true,Negative,"",""
gargle,off-topic,0.0,106,true,Negative,"",""
nothing,"nothing, absolutely, new, like",0.1889822365,107,true,Positive,"",""
works after gargling,off-topic,0.024304937,108,true,Negative,"",""
nothing,"nothing, absolutely, new, like",0.1889822365,109,true,Positive,"",""
no,off-topic,0.0,110,true,Positive,"",""
nothing,"nothing, absolutely, new, like",0.1889822365,111,true,Positive,"",""
A salt water gargle -- you could make one at home.,"water, salt, just, sore",0.1791402039,112,true,Negative,"",""
It's expensive salt!  One just needs to use salt.,off-topic,0.2196237891,113,true,Negative,"",""
More expensive than whiskey,off-topic,0.1604096564,114,true,Negative,"",""
nothing,"nothing, absolutely, new, like",0.1889822365,115,true,Positive,"",""
nothing,"nothing, absolutely, new, like",0.1889822365,116,true,Positive,"",""
Package labeling,off-topic,0.0458603714,117,true,Negative,"",""
nothing,"nothing, absolutely, new, like",0.1889822365,118,true,Positive,"",""
If it taste bad,off-topic,0.230232497,119,true,Neutral,"",""
nothing,"nothing, absolutely, new, like",0.1889822365,120,true,Positive,"",""
don't know,"know, everything, anything, dont",0.1644828487,121,true,Neutral,"",""
none,off-topic,0.0479100306,122,true,Positive,"",""
It's a sore throat gargle.,off-topic,0.046146727,123,true,Negative,"",""
none,off-topic,0.0479100306,124,true,Positive,"",""
no basis of fact,off-topic,0.1467125894,125,true,Negative,"",""
saltwater remedy,off-topic,0.0987953899,126,true,Negative,"",""
no idea,off-topic,0.1220775976,127,true,Positive,"",""
n,off-topic,0.0,128,true,Positive,"",""
Nothing really,"nothing, absolutely, new, like",0.1889822365,129,true,Positive,"",""
nothing,"nothing, absolutely, new, like",0.1889822365,130,true,Positive,"",""
don't like it,off-topic,0.0,131,true,Negative,"",""
garlging,off-topic,0.0,132,true,Negative,"",""
nothing,"nothing, absolutely, new, like",0.1889822365,133,true,Positive,"",""
price,"price, high, lots, market",0.0646479107,134,true,Negative,"",""
nothing at all,"nothing, absolutely, new, like",0.1889822365,135,true,Positive,"",""
it is innovative,off-topic,0.0056820688,136,true,Positive,"",""
GARGLE AWAY THE IRRITATION,off-topic,0.2152931318,137,true,Negative,"",""
That it is basically a salt water gargle.,"water, salt, just, sore",0.0882148773,138,true,Negative,"",""
fizzy  gargle with mity taste,off-topic,0.1508680527,139,true,Negative,"",""
sounds gross,off-topic,0.0612712999,140,true,Negative,"",""
updated by a nurse.,off-topic,0.0453318781,141,true,Negative,"",""
nothing,"nothing, absolutely, new, like",0.1889822365,142,true,Positive,"",""
nothing,"nothing, absolutely, new, like",0.1889822365,143,true,Positive,"",""
nothing,"nothing, absolutely, new, like",0.1889822365,144,true,Positive,"",""
its just salt water,"water, salt, just, sore",0.0639184949,145,true,Negative,"",""
Nothing,"nothing, absolutely, new, like",0.1889822365,146,true,Positive,"",""
Nothing,"nothing, absolutely, new, like",0.1889822365,147,true,Positive,"",""
its an old remedy brought up to date in convenient packaging,off-topic,0.0860545662,148,true,Negative,"",""
nothing,"nothing, absolutely, new, like",0.1889822365,149,true,Positive,"",""
garge on the go?,off-topic,0.2160506653,150,true,Negative,"",""
that this is something you have to dissolve as opposed to a syrup you can drink,off-topic,0.3799118405,151,true,Negative,"",""
"minty taste, but it is fine with me",off-topic,0.0681536281,152,true,Mixed,"",""
Probably tastes really gross,off-topic,0.1116006527,153,true,Negative,"",""
completely irrelevant to me,off-topic,0.1610933195,154,true,Negative,"",""
nothing,"nothing, absolutely, new, like",0.1889822365,155,true,Positive,"",""
Nothing,"nothing, absolutely, new, like",0.1889822365,156,true,Positive,"",""
n/a,off-topic,0.0,157,true,Positive,"",""
no input for this question,off-topic,0.0973243889,158,true,Neutral,"",""
n/a,off-topic,0.0,159,true,Positive,"",""
nothing,"nothing, absolutely, new, like",0.1889822365,160,true,Positive,"",""
nothing,"nothing, absolutely, new, like",0.1889822365,161,true,Positive,"",""
Gargling,off-topic,0.0,162,true,Negative,"",""
saltwater remedy,off-topic,0.0987953899,163,true,Negative,"",""
nothing,"nothing, absolutely, new, like",0.1889822365,164,true,Positive,"",""
none,off-topic,0.0479100306,165,true,Positive,"",""
none,off-topic,0.0479100306,166,true,Positive,"",""
nothing,"nothing, absolutely, new, like",0.1889822365,167,true,Positive,"",""
none,off-topic,0.0479100306,168,true,Positive,"",""
nothing,"nothing, absolutely, new, like",0.1889822365,169,true,Positive,"",""
n/a,off-topic,0.0,170,true,Positive,"",""
?,off-topic,0.0,171,"","","",""
Absolutely nothing,"nothing, absolutely, new, like",0.2457528936,172,true,Positive,"",""
nothing,"nothing, absolutely, new, like",0.1889822365,173,true,Positive,"",""
na,off-topic,0.0261857653,174,true,Positive,"",""
Nothing,"nothing, absolutely, new, like",0.1889822365,175,true,Positive,"",""
same as other products,off-topic,0.0313898382,176,true,Negative,"",""
packaging,off-topic,0.0434249764,177,true,Negative,"",""
nothing,"nothing, absolutely, new, like",0.1889822365,178,true,Positive,"",""
?,off-topic,0.0,179,"","","",""
Saltwater,off-topic,0.0238444663,180,true,Negative,"",""
nothing,"nothing, absolutely, new, like",0.1889822365,181,true,Positive,"",""
That it comes in a dissolvable tablet. Could it also come in a powder?,off-topic,0.5009360929,182,true,Negative,"",""
dont know,"know, everything, anything, dont",0.232213976,183,true,Neutral,"",""
"excess packaging, same as gargling with salt water","water, salt, just, sore",0.0902348328,184,true,Negative,"",""
"nothing, sounds very new",off-topic,0.137106802,185,true,Positive,"",""
It's probably fine. but salt water worke just as well and it's a lot chapear,"water, salt, just, sore",0.1937132278,186,true,Negative,"",""
??,off-topic,0.0,187,"","","",""
price,"price, high, lots, market",0.0646479107,188,true,Negative,"",""
nothing,"nothing, absolutely, new, like",0.1889822365,189,true,Positive,"",""
It's something I don't need,off-topic,0.3427416323,190,true,Negative,"",""
huh???,off-topic,0.0425163655,191,"","","",""
a,off-topic,0.0,192,"","","",""
nothing,"nothing, absolutely, new, like",0.1889822365,193,true,Positive,"",""
everything,"know, everything, anything, dont",0.1792317204,194,true,Negative,"",""
nothing,"nothing, absolutely, new, like",0.1889822365,195,true,Positive,"",""
a gargle is a gargle,off-topic,0.0,196,true,Negative,"",""
nothing,"nothing, absolutely, new, like",0.1889822365,197,true,Positive,"",""
nothing,"nothing, absolutely, new, like",0.1889822365,198,true,Positive,"",""
not sure,off-topic,0.1720830925,199,true,Neutral,"",""
The concept has been around for ages.,off-topic,0.0437782906,200,true,Negative,"",""
a bit priceyi would use salt and water,"water, salt, just, sore",0.1007210716,201,true,Negative,"",""
fizzy - like alka seltzer,off-topic,0.0540566451,202,true,Negative,"",""
dont know,"know, everything, anything, dont",0.232213976,203,true,Neutral,"",""
none,off-topic,0.0479100306,204,true,Positive,"",""
norhing,off-topic,0.0,205,true,Positive,"",""
nothing,"nothing, absolutely, new, like",0.1889822365,206,true,Positive,"",""
Nothing,"nothing, absolutely, new, like",0.1889822365,207,true,Positive,"",""
??,off-topic,0.0,208,"","","",""
NA.,off-topic,0.0261857653,209,true,Positive,"",""
Nothing,"nothing, absolutely, new, like",0.1889822365,210,true,Positive,"",""
"""Updated by a nurse""",off-topic,0.0453318781,211,true,Negative,"",""
I'm not sure it's any better than plain salt water,"water, salt, just, sore",0.1569918296,212,true,Negative,"",""
Updated by a nurse,off-topic,0.0453318781,213,true,Negative,"",""
na,off-topic,0.0261857653,214,true,Positive,"",""
If it works this would be great,off-topic,0.0297673469,215,true,Neutral,"",""
same answer,off-topic,0.0795758367,216,"","","",""
to costly,off-topic,0.069058302,217,true,Negative,"",""
mint,off-topic,0.0235770001,218,true,Negative,"",""
non for now,off-topic,0.0233139132,219,true,Negative,"",""
nothing,"nothing, absolutely, new, like",0.1889822365,220,true,Positive,"",""
don't know,"know, everything, anything, dont",0.1644828487,221,true,Neutral,"",""
fizzy tablets,off-topic,0.0572058599,222,true,Negative,"",""
mom was right,off-topic,0.077953665,223,true,Negative,"",""
a little pricey,off-topic,0.1724940866,224,true,Negative,"",""
nothing,"nothing, absolutely, new, like",0.1889822365,225,true,Positive,"",""
everything-the same products are in your house.,off-topic,0.0543687945,226,true,Negative,"",""
na,off-topic,0.0261857653,227,true,Positive,"",""
That it is $7.  I wouldn't spend this kind of money on that when I can dissolve some salt in a glass of water for almost free,"water, salt, just, sore",0.3650601246,228,true,Negative,"",""
none,off-topic,0.0479100306,229,true,Positive,"",""
None,off-topic,0.0479100306,230,true,Positive,"",""
saltwater,off-topic,0.0238444663,231,true,Negative,"",""
nothing,"nothing, absolutely, new, like",0.1889822365,232,true,Positive,"",""
nothing,"nothing, absolutely, new, like",0.1889822365,233,true,Positive,"",""
can be made at home for pennies.,off-topic,0.1308293108,234,true,Negative,"",""
Would not replace mouthwash which would do as well as salt without as much salt,off-topic,0.322221805,235,true,Negative,"",""
nothing,"nothing, absolutely, new, like",0.1889822365,236,true,Positive,"",""
not sure at this time,off-topic,0.2433622433,237,true,Neutral,"",""
na,off-topic,0.0261857653,238,true,Positive,"",""
most people just use salt water,"water, salt, just, sore",0.0825184221,239,true,Negative,"",""
Don't know.,"know, everything, anything, dont",0.2326138754,240,true,Neutral,"",""
use of saltwater,off-topic,0.0337211676,241,true,Negative,"",""
Contains honey,off-topic,0.0291550358,242,true,Negative,"",""
nothing,"nothing, absolutely, new, like",0.1889822365,243,true,Positive,"",""
price,"price, high, lots, market",0.0646479107,244,true,Negative,"",""
you can make it at home,off-topic,0.2764733488,245,true,Negative,"",""
nothing,"nothing, absolutely, new, like",0.1889822365,246,true,Positive,"",""
don't know if it will work,"know, everything, anything, dont",0.2848926509,247,true,Negative,"",""
Why spend the money when inexpensive salt and warm water works!!,"water, salt, just, sore",0.2436268884,248,true,Negative,"",""
go gargle,off-topic,0.2160506653,249,true,Negative,"",""
nothing,"nothing, absolutely, new, like",0.1889822365,250,true,Positive,"",""
nothing,"nothing, absolutely, new, like",0.1889822365,251,true,Positive,"",""
na,off-topic,0.0261857653,252,true,Positive,"",""
I don't realy know,"know, everything, anything, dont",0.2848926509,253,true,Neutral,"",""
Nothing.,"nothing, absolutely, new, like",0.1889822365,254,true,Positive,"",""
nothing,"nothing, absolutely, new, like",0.1889822365,255,true,Positive,"",""
none,off-topic,0.0479100306,256,true,Positive,"",""
Its a gargle.,off-topic,0.0,257,true,Negative,"",""
nothing,"nothing, absolutely, new, like",0.1889822365,258,true,Positive,"",""
nothing,"nothing, absolutely, new, like",0.1889822365,259,true,Positive,"",""
nothing,"nothing, absolutely, new, like",0.1889822365,260,true,Positive,"",""
NOTHING,"nothing, absolutely, new, like",0.1889822365,261,true,Positive,"",""
nada,off-topic,-0.002067403,262,true,Positive,"",""
no opinion,off-topic,0.0443907287,263,true,Neutral,"",""
nothing,"nothing, absolutely, new, like",0.1889822365,264,true,Positive,"",""
n/a,off-topic,0.0,265,true,Negative,"",""
nothing,"nothing, absolutely, new, like",0.1889822365,266,true,Positive,"",""
nothing,"nothing, absolutely, new, like",0.1889822365,267,true,Positive,"",""
none,off-topic,0.0479100306,268,true,Positive,"",""
price,"price, high, lots, market",0.0646479107,269,true,Negative,"",""
not sure,off-topic,0.1720830925,270,true,Neutral,"",""
saltwater,off-topic,0.0238444663,271,true,Negative,"",""
price,"price, high, lots, market",0.0646479107,272,true,Negative,"",""
gargle,off-topic,0.0,273,true,Negative,"",""
tim tested rmedy,off-topic,0.0446626933,274,true,Negative,"",""
Able to carry with you.,off-topic,0.1514773965,275,true,Negative,"",""
"It costs $6.99 which isn't that expensive but when I have a sore throat I just suck on a candy-like tablet for a sore throat, or gargle with salt in warm water.","water, salt, just, sore",0.2296421808,276,true,Negative,"",""
It's kind of like emergen-c except for sore throats.,off-topic,0.2879665038,277,true,Negative,"",""
Salt water rinsing!  Updated by a nurse!  Mom was right!  How trite can you get?,"water, salt, just, sore",0.4349945763,278,true,Negative,"",""
na,off-topic,0.0261857653,279,true,Positive,"",""
nothing,"nothing, absolutely, new, like",0.1889822365,280,true,Positive,"",""
nothing,"nothing, absolutely, new, like",0.1889822365,281,true,Positive,"",""
It looks the same as a lot of other similar products on the market,off-topic,0.1746104389,282,true,Negative,"",""
The minty taste,off-topic,0.1314327231,283,true,Negative,"",""
a little messy,off-topic,0.1754274414,284,true,Negative,"",""
don't know,"know, everything, anything, dont",0.1644828487,285,true,Neutral,"",""
NA,off-topic,0.0261857653,286,true,Positive,"",""
nothing,"nothing, absolutely, new, like",0.1889822365,287,true,Positive,"",""
the name,off-topic,0.0,288,true,Negative,"",""
Xropping in water.,"water, salt, just, sore",0.0486373093,289,true,Negative,"",""
nothing,"nothing, absolutely, new, like",0.1889822365,290,true,Positive,"",""
n/a,off-topic,0.0,291,true,Positive,"",""
Nothing,"nothing, absolutely, new, like",0.1889822365,292,true,Positive,"",""
trying to make a saline rinse more attractive,off-topic,0.3670866001,293,true,Negative,"",""
The tablet format.,off-topic,0.0105457762,294,true,Negative,"",""
can't think of anything,"know, everything, anything, dont",0.2425966306,295,true,Neutral,"",""
Nothing.,"nothing, absolutely, new, like",0.1889822365,296,true,Positive,"",""
the product is totally innovative,off-topic,0.0877087223,297,true,Positive,"",""
nothing,"nothing, absolutely, new, like",0.1889822365,298,true,Positive,"",""
none,off-topic,0.0479100306,299,true,Positive,"",""
Don't know,"know, everything, anything, dont",0.2326138754,300,true,Neutral,"",""
nothing,"nothing, absolutely, new, like",0.1889822365,301,true,Positive,"",""
it seems to be only saltwater which you can make at home,off-topic,0.3788648292,302,true,Positive,"",""
none,off-topic,0.0479100306,303,true,Positive,"",""
"it just seems like a complete waste, I can do all this with plain salt and water for a lot less money","water, salt, just, sore",0.3385080965,304,true,Negative,"",""
nothing,"nothing, absolutely, new, like",0.1889822365,305,true,Positive,"",""
nothing,"nothing, absolutely, new, like",0.1889822365,306,true,Positive,"",""
"go gargle... it's an ok name, but i would have liked something else...what, i don't know, but i do plan to buy this.",off-topic,0.5517019784,307,true,Negative,"",""
nothing,"nothing, absolutely, new, like",0.1889822365,308,true,Positive,"",""
nothing,"nothing, absolutely, new, like",0.1889822365,309,true,Positive,"",""
name of product,off-topic,0.0605246876,310,true,Negative,"",""
nothing,"nothing, absolutely, new, like",0.1889822365,311,true,Positive,"",""
nothing,"nothing, absolutely, new, like",0.1889822365,312,true,Positive,"",""
Nothing I can think of,"know, everything, anything, dont",0.3280069743,313,true,Positive,"",""
ghfg,off-topic,0.0,314,"","","",""
salt,off-topic,0.0368240975,315,true,Negative,"",""
price,"price, high, lots, market",0.0646479107,316,true,Negative,"",""
nothing,"nothing, absolutely, new, like",0.1889822365,317,true,Positive,"",""
nothing,"nothing, absolutely, new, like",0.1889822365,318,true,Positive,"",""
very much like other products on the market,off-topic,0.0808645265,319,true,Negative,"",""
salt,off-topic,0.0368240975,320,true,Negative,"",""
another cold aide,off-topic,0.1045505092,321,true,Negative,"",""
"easy, convenient",off-topic,0.167311921,322,true,Positive,"",""
gargle,off-topic,0.0,323,true,Negative,"",""
nothing really,"nothing, absolutely, new, like",0.1889822365,324,true,Positive,"",""
don't presume to know anything about my mom!  har-har,"know, everything, anything, dont",0.3965806239,325,"","","",""
"A dissolving tablet, those have been around awhile, like alka seltzer.",off-topic,0.1923457167,326,true,Negative,"",""
"PACKAGING NOT ATTRACTIVE -- LOOKS LIKE A ""CARNIE"" PRODUCT",off-topic,0.2004819907,327,true,Negative,"",""
nothing,"nothing, absolutely, new, like",0.1889822365,328,true,Positive,"",""
nothing,"nothing, absolutely, new, like",0.1889822365,329,true,Positive,"",""
sounds like an expensive product that can be replaced by salt water,"water, salt, just, sore",0.1582206883,330,true,Negative,"",""
The price,"price, high, lots, market",0.0914259521,331,true,Negative,"",""
nothing,"nothing, absolutely, new, like",0.1889822365,332,true,Positive,"",""
price,"price, high, lots, market",0.0646479107,333,true,Negative,"",""
saltwater remedy for sore throat,off-topic,0.0865614683,334,true,Negative,"",""
HAVE TO DISSOLVE IN WATER,"water, salt, just, sore",0.0782361484,335,true,Negative,"",""
nothing,"nothing, absolutely, new, like",0.1889822365,336,true,Positive,"",""
N/A,off-topic,0.0,337,true,Positive,"",""
never heard of it,off-topic,0.212450549,338,true,Neutral,"",""
the old home remedy works just fine,off-topic,0.0580879958,339,true,Negative,"",""
nothing,"nothing, absolutely, new, like",0.1889822365,340,true,Positive,"",""
saltwater,off-topic,0.0238444663,341,true,Negative,"",""
price,"price, high, lots, market",0.0646479107,342,true,Negative,"",""
it is basically still saltwater.,off-topic,0.1863264851,343,true,Negative,"",""
NA,off-topic,0.0261857653,344,true,Positive,"",""
It is simply prepackaging an old remedy.,off-topic,0.2672660551,345,true,Negative,"",""
nothing,"nothing, absolutely, new, like",0.1889822365,346,true,Positive,"",""
a little expensive,off-topic,0.1812909076,347,true,Negative,"",""
THERE ARE OTHER PRODUCTS TO HELP GARGLE COLDS AWAY,off-topic,0.3132899939,348,true,Negative,"",""
nothing,"nothing, absolutely, new, like",0.1889822365,349,true,Positive,"",""
nothing,"nothing, absolutely, new, like",0.1889822365,350,true,Positive,"",""
none,off-topic,0.0479100306,351,true,Positive,"",""
na,off-topic,0.0261857653,352,true,Positive,"",""
no idea,off-topic,0.1220775976,353,true,Positive,"",""
Just use salt water!,"water, salt, just, sore",0.0738067205,354,true,Negative,"",""
na,off-topic,0.0261857653,355,true,Positive,"",""
nothing,"nothing, absolutely, new, like",0.1889822365,356,true,Positive,"",""
basically the same as before,off-topic,0.1215623331,357,true,Negative,"",""
nothing i like it...,"nothing, absolutely, new, like",0.2672612419,358,true,Positive,"",""
everything,"know, everything, anything, dont",0.1792317204,359,true,Negative,"",""
using salt water for a sore throat,"water, salt, just, sore",0.1175015251,360,true,Negative,"",""
The taste,off-topic,0.1057741506,361,true,Negative,"",""
you have to gargle,off-topic,0.0,362,true,Negative,"",""
don't know,"know, everything, anything, dont",0.1644828487,363,true,Neutral,"",""
That it's a gargle medication.,off-topic,0.0470840076,364,true,Negative,"",""
The tablet,off-topic,0.0577843823,365,true,Negative,"",""
Can't think of anything,"know, everything, anything, dont",0.2971189791,366,true,Positive,"",""
nothing,"nothing, absolutely, new, like",0.1889822365,367,true,Positive,"",""
the price,"price, high, lots, market",0.0646479107,368,true,Negative,"",""
THAT YOU HAVE TO PUT IT IN SOME WATER TO USE.,"know, everything, anything, dont",0.4274131693,369,true,Negative,"",""
lots of gargles are on the market and we never need them,"price, high, lots, market",0.2625986041,370,true,Negative,"",""
same as alkaselzer,off-topic,0.0,371,true,Negative,"",""
N/A,off-topic,0.0,372,true,Positive,"",""
na,off-topic,0.0261857653,373,true,Positive,"",""
dont know,"know, everything, anything, dont",0.232213976,374,true,Neutral,"",""
price,"price, high, lots, market",0.0646479107,375,true,Negative,"",""
the ingredients,off-topic,0.0482549558,376,true,Negative,"",""
high price,"price, high, lots, market",0.0914259521,377,true,Negative,"",""
everything,"know, everything, anything, dont",0.1792317204,378,true,Negative,"",""
na,off-topic,0.0261857653,379,true,Positive,"",""
nothing,"nothing, absolutely, new, like",0.1889822365,380,true,Positive,"",""
reg salt water does the same thing,"water, salt, just, sore",0.1142033678,381,true,Negative,"",""
TOO EXPENSIVE AND I CAN'T GARGLE SO I WOULDN'T USE IT AND WHAT IS ADVERTISED IS USUALLY BULL SHIT FOR PEOPLE TO BUY IT AND IT NEVER WORKS.,off-topic,0.6852412673,382,true,Negative,"",""
Nothing,"nothing, absolutely, new, like",0.1889822365,383,true,Positive,"",""
"That it is way more costly than the conventional way of doing relieving sore throat pain with the honey, margarine and the lemon that I used as a child",off-topic,0.3580678676,384,true,Negative,"",""
dropping in water,"water, salt, just, sore",0.052119044,385,true,Negative,"",""
na,off-topic,0.0261857653,386,true,Positive,"",""
nothing,"nothing, absolutely, new, like",0.1889822365,387,true,Positive,"",""
No comment,off-topic,0.1335288002,388,true,Neutral,"",""
nothing,"nothing, absolutely, new, like",0.1889822365,389,true,Positive,"",""
"don't like minty flavor, would like other flavors",off-topic,0.1059627718,390,true,Negative,"",""
nothing,"nothing, absolutely, new, like",0.1889822365,391,true,Positive,"",""
price,"price, high, lots, market",0.0646479107,392,true,Negative,"",""
na,off-topic,0.0261857653,393,true,Positive,"",""
gargle,off-topic,0.0,394,true,Negative,"",""
don't know,"know, everything, anything, dont",0.1644828487,395,true,Neutral,"",""
need to try,off-topic,0.200861008,396,true,Positive,"",""
na,off-topic,0.0261857653,397,true,Positive,"",""
na,off-topic,0.0261857653,398,true,Positive,"",""
The packaging is ugly.,off-topic,0.1664913958,399,true,Negative,"",""
nothing really,"nothing, absolutely, new, like",0.1889822365,400,true,Positive,"",""
can you swallow it,off-topic,0.0242325774,401,true,Negative,"",""
Really,off-topic,0.1712799711,402,true,Negative,"",""
nothing,"nothing, absolutely, new, like",0.1889822365,403,true,Positive,"",""
Nothing noted,off-topic,0.1596265674,404,true,Positive,"",""
not sure,off-topic,0.1720830925,405,true,Neutral,"",""
nothing,"nothing, absolutely, new, like",0.1889822365,406,true,Positive,"",""
dna,off-topic,-0.0142319661,407,"","","",""
same as previous statement,off-topic,0.1304084987,408,"","","",""
nothing,"nothing, absolutely, new, like",0.1889822365,409,true,Positive,"",""
nothing,"nothing, absolutely, new, like",0.1889822365,410,true,Positive,"",""
nothing,"nothing, absolutely, new, like",0.1889822365,411,true,Positive,"",""
the tablet,off-topic,0.0408597285,412,true,Negative,"",""
none,off-topic,0.0479100306,413,true,Positive,"",""
none,off-topic,0.0479100306,414,true,Positive,"",""
price,"price, high, lots, market",0.0646479107,415,true,Negative,"",""
N/A,off-topic,0.0,416,true,Positive,"",""
nothing,"nothing, absolutely, new, like",0.1889822365,417,true,Positive,"",""
nothing,"nothing, absolutely, new, like",0.1889822365,418,true,Positive,"",""
NOTHING,"nothing, absolutely, new, like",0.1889822365,419,true,Positive,"",""
Nothing,"nothing, absolutely, new, like",0.1889822365,420,true,Positive,"",""
could just use salt,off-topic,0.0637812077,421,true,Negative,"",""
"Don't know, have never seen or tried it.",off-topic,0.3654408284,422,true,Neutral,"",""
price,"price, high, lots, market",0.0646479107,423,true,Negative,"",""
na,off-topic,0.0261857653,424,true,Positive,"",""
nothing,"nothing, absolutely, new, like",0.1889822365,425,true,Positive,"",""
nothing,"nothing, absolutely, new, like",0.1889822365,426,true,Positive,"",""
na,off-topic,0.0261857653,427,true,Positive,"",""
not a fan of minty taste,off-topic,0.1144549831,428,true,Negative,"",""
could be made with items at home,off-topic,0.0975769874,429,true,Negative,"",""
nothing,"nothing, absolutely, new, like",0.1889822365,430,true,Positive,"",""
gargling to get rid of a sore throat,off-topic,0.3617047602,431,true,Negative,"",""
It's unnecessary.  Just gargle with salt water.,"water, salt, just, sore",0.0952409655,432,true,Negative,"",""
fizzyness,off-topic,0.0,433,true,Negative,"",""
nothing,"nothing, absolutely, new, like",0.1889822365,434,true,Positive,"",""
minty taste,off-topic,0.107314369,435,true,Negative,"",""
Nothing,"nothing, absolutely, new, like",0.1889822365,436,true,Positive,"",""
do not care about product,off-topic,0.0393040075,437,true,Negative,"",""
xxx,off-topic,-0.0064712298,438,"","","",""
na,off-topic,0.0261857653,439,true,Positive,"",""
Cost and whether works,off-topic,0.1042478443,440,true,Negative,"",""
The packaging,off-topic,0.0614121905,441,true,Negative,"",""
n/a,off-topic,0.0,442,true,Positive,"",""
There are different products out for sore throats.,off-topic,0.143232218,443,true,Negative,"",""
?,off-topic,0.0,444,"","","",""
n/a,off-topic,0.0,445,true,Positive,"",""
none,off-topic,0.0479100306,446,true,Positive,"",""
price,"price, high, lots, market",0.0646479107,447,true,Negative,"",""
